Classe Requisição,Código,Descrição,Unid. Medida
Req p Produção,110437,CHUMBO LINGOTE PURO MOLE,KG
Req p Produção,110700,ACO LAMINADO RED 1.3/8 1020,KG
Req p Consumo,112150,"ACO TREF. RED. SAE-1045 - 1""",KG
Req p Produção,112826,"ACO TREFILADO SEXT TREF 1.1/2"" 1045",KG
Req p Produção,117112,TARUGO NYLON RED. DE 35mm.,M
Req p Produção,120352,"CHAPA GQ 1/2 (12,7) 1010",KG
Req p Produção,134060,TUBO RET 50 X 30 X 2.00MM TAM. 6 METROS,KG
Req p Produção,199776,"BARRA CHATA ACO 4 X 2""",KG
Req p Produção,200020,"CAPA DE PRENSAGEM 5/8"" AÇO",Un
Req p Produção,200060,TELA DECORAT. P/ COBERT. ESTACIONAMENTO,M2
Req p Produção,200061,CORDÃO PUNHO REDE GROSSO 4/2,M
Req p Produção,200114,"MANILHA P/ CABO DE AÇO 1/2""",Un
Req p Produção,200155,"BUJÃO DE PVC ROSC. 1/2""",Un
Req p Produção,200184,FITA ISOLANTE SCOTH-33 (3M) 19MM X 20M,Un
Req p Produção,200466,TERMINAL ILHOS 1.5mm,Un
Req p Produção,200470,"Anilha identificador de fio 2,5MM N°0",Un
Req p Produção,200471,"Anilha identificador de fio 2,5MM N°1",Un
Req p Produção,200472,"Anilha identificador de fio 2,5MM N°2",Un
Req p Produção,200473,"Anilha identificador de fio 2,5MM N°3",Un
Req p Produção,200474,"Anilha identificador de fio 2,5MM N°4",Un
Req p Produção,200475,"Anilha identificador de fio 2,5MM N°5",Un
Req p Produção,200476,"Anilha identificador de fio 2,5MM N°6",Un
Req p Produção,200477,"Anilha identificador de fio 2,5MM N°7",Un
Req p Produção,200478,"Anilha identificador de fio 2,5MM N°8",Un
Req p Produção,200479,"Anilha identificador de fio 2,5MM N°9",Un
Req p Produção,200494,"SAPATILHA P/ CABO DE ACO 3/8""",Un
Req p Produção,201100,MULCHING,RL
Req p Produção,210912,ANEL O-RING 2-228,Un
Req p Produção,212028,"ARRUELA LISA 7/8""",Un
Req p Produção,212091,"ARRUELA LISA 3/8"" ZB CHAPA 1,5MM",Un
Req p Produção,212092,"ARRUELA LISA 1/2"" CHAPA 1/8"" ZB OU ZA",Un
Req p Produção,212093,"ARRUELA LISA 3/4"" CHAPA 3,75MM",Un
Req p Produção,212095,"ARRUELA LISA 1"" CH 3/16""",Un
Req p Produção,212096,"ARRUELA LISA ZB 5/16"" EXP. 1,5 MM",Un
Req p Produção,212097,"ARRUELA LISA 5/8"" GALV # 1/8""",Un
Req p Produção,212098,"ARRUELA LISA 1/4"" GALV",Un
Req p Produção,212301,"ARR. DE PRES. MÉDIA - ZB 1/2""",Un
Req p Produção,212350,"ARR. DE PRES. MÉDIA - ZB 5/16""",Un
Req p Produção,212507,"ARR. DE PRES. MÉDIA - ZB 1/4""",Un
Req p Produção,212600,"ARR. DE PRES. MÉDIA - ZB 3/8""",Un
Req p Produção,213408,CAIXA DE PASSAGEM,Un
Req p Produção,213722,ESPIGÃO M/M 3/4 NTP X 3/4 ESC.,Un
Req p Produção,216531,BORRACHA EVA 10MM X 1200 X 2000MM,Un
Req p Produção,216537,BORRACHA VEDAÇÃO CÓD. 84601-01,M
Req p Produção,218201,FORRA P/CAMARA AR 900X20,Un
Req p Produção,222133,"BARRA ROSC FERRO GALV. 1/2"" X 1MT",Un
Req p Produção,222148,CONTRA PINO 3/16 X 1.1/2,Un
Req p Produção,222150,CONTRA PINO 1/4 X 2.1/2,Un
Req p Produção,222185,"PINO TRAVA C/ ARG. 3/8"" X 2"" - ZA.",Un
Req p Produção,222195,TOMADA P/ REBOQUE FEMEA 7 POLOS PRETA,Un
Req p Produção,222196,TOMADA P/ REBOQUE MACHO 7 POLOS PRETA,Un
Req p Produção,222252,CONTRA PINO 3/16 X 2,Un
Req p Produção,222327,PINO ELÁSTICO 6 X 50 (DIN 1481),Un
Req p Produção,222356,"GRAMPO R 4,5 X 80 ZB",Un
Req p Produção,222402,"CUBO RODA F. FUND. NOD. GGG-50"" FA4/CBHM",Un
Req p Produção,222434,"AÇO MT 50.8 CROMADO SAE 1045 NORMAL 2"" - CBH/CBHM 5t / 7t",Un
Req p Produção,226105,CORRENTE ELO 3/16 F. POLIDO,KG
Req p Produção,226114,MOLA TRAÇÃO MT 4X29 5X104X151 5T CRUZ,Un
Req p Produção,226208,CORRENTE ELO 5/16 F. POLIDO,KG
Req p Produção,226404,"CORRENTE DUPLA ASA-50 5/8""",M
Req p Produção,232300,"GRAMPO P/ CABO DE ACO 3/16""",Un
Req p Produção,232312,"GRAMPO P/ CABO DE ACO 1/2""",Un
Req p Produção,234205,GRAXEIRO 1/4 UNF RETO,Un
Req p Produção,240217,"MANG A/P SAE-100 3/8"" x 1400mm TERM. RETO/RETO JIC 3/4""",Un
Req p Produção,240233,"MANG A/P SAE-100 3/8"" X 400 TERM. 90° JIC 3/4""FEMEA X RETO JIC 3/4"" UNF FEMEA",Un
Req p Produção,240235,"MANG DE SUCÇÃO AZUL 2""",M
Req p Produção,240461,"ADAPTADOR 3/4""-16 PTT-30°",Un
Req p Produção,240462,CAPS DE VINIL DMPC 0740-1A,Un
Req p Produção,240590,"ADAPT. 1/2"" NPTF X 3/4-16-PTT-30°",Un
Req p Produção,240651,TERM FEMEA JIC 90 MANG 5/8 X 7/8,Un
Req p Produção,240695,"TERM FEMEA JIC 5/8"" X 7/8""",Un
Req p Produção,256978,"REGISTRO ESFERA 3/4""",Un
Req p Produção,257086,"PARAF ALLEN C/ CAB 1/4 X 5/8"" UNF (NÃO USAR, SUBSTITUÍDO.)",Un
Req p Produção,257606,PARAF ALLEN 5/16 X 2,Un
Req p Produção,257645,"PARAF ALLEN 1/4 X 2"" NC C/CAB.",Un
Req p Produção,258003,PARAF SEX 3/8 X 1.1/4 UNC ZB,Un
Req p Produção,258155,PARAF SEX 1/2 X 3.1/2 UNC ZB,Un
Req p Produção,258234,PARAF SEX 3/4 X 2 UNC ZB,Un
Req p Produção,258416,PARAF SEX 5/16X 1.1/4 UNC,Un
Req p Produção,258544,"PARAF SEX 1/2 X 3"" UNC ZB",Un
Req p Produção,258570,PARAF SEX 3/8 X 2 UNC,Un
Req p Produção,258910,PARAF SEX 3/4 X 3 UNC ZB,Un
Req p Produção,260101,PARAF SEX 1/2 X 1.1/2 UNC ZB,Un
Req p Produção,260137,PARAF SEX 5/8 X 2.1/4 UNC,Un
Req p Produção,260334,"PARAFUSO SEXTAVADO 3/4"" X 5"" ROSCA PARCIAL UNC ZB",Un
Req p Produção,260484,PARAF SEX 1/2 X 1.1/4 UNC,Un
Req p Produção,260824,PARAF SEX 5/8 X 2.1/2 UNC,Un
Req p Produção,260836,PARAF SEX 1/2 X 2.1/4 8.8UNC ZB,Un
Req p Produção,266176,PLACA DE IDENT. CEMAG,Un
Req p Produção,268150,PNEU 7.50-16 IMPL (16TT 10PR RA45),Un
Req p Produção,274124,PORCA SEX 1/2 UNC ZB,Un
Req p Produção,274203,"PORCA SEX 3/4"" UNC ZB",Un
Req p Produção,274252,"PORCA SEX 5/16"" UNC ZB",Un
Req p Produção,274306,"PORCA SEX 5/8"" UNC ZB",Un
Req p Produção,274355,PORCA SEX 1/4 UNF,Un
Req p Produção,274409,"PORCA SEX 1/4"" UNC ZB",Un
Req p Produção,274604,"PORCA SEX 3/8"" UNC ZB",Un
Req p Produção,279158,PORCA SEX 1 UNC,Un
Req p Produção,282005,REBITE DE ALUMINIO 4X6,Un
Req p Produção,282169,REBITE DE ALUMINIO 6X12,Un
Req p Produção,298876,"MACHO ENG RÁPIDO DE 1/2"" C/PROTETOR",Un
Req p Produção,299108,"CABO DE ACO 3/16"" GALV. 6X7 + AF.",M
Req p Produção,299534,"LONA DE FREIO MOLDADA 1/4X2""",M
Req p Produção,299999,COMPONENTES DIVERSOS,Un
"Req p Consumo,Req p Produção",300022HYP,LÍQUIDO REFRIGERANTE MAX 200 REF.: 028872 HYPERTHERM,L
"Req p Consumo,Req p Produção",300027,LUBRIF ANTI-RESPINGO PASTA 250 LEDAN,Un
Req p Consumo,300039,SUPORTE P/ ARAME MIG,Un
Req p Produção,300041,PRIMER EPOXI 1202 COMP. A+B,L
Req p Produção,300045,COLA FORMICA,Un
Req p Produção,300046,PIGMENTO AZUL 550,KG
Req p Produção,300071,ENDURECEDOR P/ EPOXI SH WILLIAMS COMP B,L
Req p Produção,313014,COLA ADESIVA P/ BORRACHA,GAL
Req p Produção,313027,DECAPANTE GEL PARA INOX 500G,KG
Req p Produção,313109,GRAXA ESPECIAL SINTAPLEX HS 2,KG
Req p Produção,313131,ESM. PU ACRILICO LARANJA,L
Req p Produção,313132,REDUTOR PARA PU,L
Req p Produção,313134,ESM. PU ACRILICO AMARELO,L
Req p Produção,313135,ESM. PU ACRILICO AZUL,L
Req p Produção,313136,ESM. PU ACRILICO VERDE,L
Req p Consumo,313209,FITA CREPE 48x50,Un
Req p Produção,313210,CATALISADOR PU 1/1 5058 COMP B,L
Req p Consumo,313211,FITA CREPE 36x50 P/PINTURA,Un
Req p Produção,313234,"CATALIZ. P/ RESINA 0,60ML",Un
Req p Produção,313310,DESENGRAXANTE P/ LIMPEZA DE PEÇAS,L
Req p Produção,314018,ELETRODO 1/8 E 6010,KG
Req p Produção,314262,ELETRODO 1/8 E 6013,KG
Req p Produção,314626,ELETRODO 1/8 E 7018,KG
Req p Produção,316209,PREGO DE 1 X15 C/CAB,KG
Req p Produção,316301,PREGO DE 2.1/2X10 C/CAB,KG
Req p Produção,316313,PREGO DE 1.1/2X12 C/CAB,KG
Req p Produção,316404,PREGO DE 2 X10 C/CAB,KG
Req p Produção,316453,PREGO DE 2 X12 C/CAB,KG
Req p Produção,316465,"PREGO ARDOX C/ CAB. 2.1/2"" X 10",KG
Req p Produção,318139,ESM. SINT. AMARELO VALMET,L
Req p Produção,318167,BONDERIT M-FE 564,KG
Req p Produção,318168,BONDERITE C-IC 3995,KG
Req p Produção,318169,BONDERITE C-AK L 95 (desengraxante),KG
Req p Produção,318170,BONDERITE C-AD B 725 (aditivo),KG
Req p Produção,318172,BONDERITE M-AD 700 (auxiliar),KG
Req p Produção,318173,BONDERITE M-FE F212 BO (fosfatizante),KG
Req p Produção,318280,ESM. SINT. CINZA OPALESCENTE,L
Req p Produção,318346,ESM. SINT. VERMELHO M.F.,L
Req p Produção,318413,ESM. SINT. LARANJA,L
Req p Produção,318416,TINTA PÓ 26 LI LARANJA W RAL 2002 BR,KG
Req p Produção,318504,ESM. SINT. VERDE J. DEERE,L
Req p Produção,318656,ESM. SINT. AZUL N. HOLLAND,L
Req p Produção,318723,TINTA P/SERIGRAFIA SINT. BRANCO,L
Req p Produção,326409,VERNIZ SINTÉTICO - TINGIDO,L
Req p Produção,326525,SELADOR P/ MADEIRA - TINGIDO,L
Req p Produção,326537,SELADOR P/ MADEIRA - INCOLOR,L
Req p Produção,350023,ANTI-RESPINGO DE SOLDA LIQUIDO SPATTER OFF,L
Req p Produção,350072,OLEO P/ TEMPERA ALL TEMPERA 32,L
Req p Produção,350073,OLEO HIDRAULICO 68,L
Req p Produção,350075,ADITIVO DE RADIADOR CONCENTRADO SAE J1034,L
Req p Produção,350076,AGUA DESTILADA DESMINERALIZADA,L
Req p Produção,350105,ARAME TUBULAR 1.2,KG
Req p Consumo,350151,COLA BRANCA,L
Req p Produção,350253,MASSA POLIESTER SW - 750 GRAMAS,Un
Req p Produção,350503,LOCTITE 495 TB. C/ 20 GR.,Un
Req p Produção,350527,LOCTITE 271 TB. C/ 50 GR.,Un
Req p Produção,350620,THINNER P/ ESMALTE SINTETICO,L
Req p Produção,350622,SKYLACK THINNER PU TH700,L
Req p Produção,350625,AGUARRÁS,L
Req p Produção,350630,SOLVENTE TX-9,L
Req p Produção,350631,SOLVENTE (TOLUENO),L
Req p Produção,350991,SILICONE ULTRA 598 BLACK 70GR,Un
Req p Produção,398021,IMP PLOT ADESIVO LEITOSO C/ CORTE CONTORNO KIT FT10500,Un
Req p Produção,398022,KIT ADESIVO TANQUE FT12500,Un
Req p Produção,398024,KIT ADESIVO TANQUE FTC6500,Un
Req p Produção,398025,KIT ADESIVO TANQUE FTD5000,Un
Req p Produção,398027,KIT ADESIVO USO GERAL CBH5,Un
Req p Produção,398028,KIT ADESIVO USO GERAL CBH6,Un
Req p Produção,398030,KIT ADESIVO FORRAGEIRA CBH5,Un
Req p Produção,398031,KIT ADESIVO FORRAGEIRA CBH6,Un
Req p Produção,398033,KIT ADESIVO FORRAGEIRA CBH7,Un
Req p Produção,398036,KIT ADESIVO FORRAGEIRA CBH6R,Un
Req p Produção,398037,KIT ADESIVO FORRAGEIRA CBH6-2E,Un
Req p Produção,398040,KIT ADESIVO GRANELEIRA CBHM5000,Un
Req p Produção,398041,KIT ADESIVO CAFEEIRA CBHM5000,Un
Req p Produção,398043,KIT ADESIVO CAFEEIRA CBHM6000,Un
Req p Produção,398045,KIT ADESIVO FORRAGEIRA CBHM8000,Un
Req p Produção,398047,IMP PLOT ADESIVO LEITOSO C/ CORTE CONTORNO KIT CBHL6000,Un
Req p Produção,398048,KIT ADESIVO USO GERAL CBHM6000,Un
Req p Produção,398050,KIT ADESIVO FORRAGEIRA CBH9-2E,Un
Req p Produção,398058,KIT ADESIVO MCF16,Un
Req p Produção,399621,ADESIVO 6500 L 22 X 11 CM,Un
Req p Produção,399623,ADESIVO TANQUE 44 X 11 CM,Un
Req p Produção,399626,ADESIVO FORRAGEIRA 70 X 10 CM,Un
Req p Produção,399633,ADESIVO VOLUMETRIA 4 M³ 11X 11 CM,Un
Req p Produção,399638,ADESIVO VOLUMETRIA 6 M³ 11X 11 CM,Un
Req p Produção,399646,"ADESIVO CAPACIDADE 3,5 TON 11X 11 CM",Un
Req p Produção,399647,ADESIVO CAPACIDADE 4 TON 11X 11 CM,Un
Req p Produção,399648,ADESIVO CAPACIDADE 5 TON 11X 11 CM,Un
Req p Produção,399657,KIT ADESIVOS FTD5000,Un
Req p Produção,399658,KIT ADESIVOS CBH9F,Un
Req p Produção,399659,KIT ADESIVOS CBH6R,Un
Req p Produção,399999,COMPRA DE MAT. SECUNDARIO,Un
Req p Consumo,400025,MAD. BARROTE P/EMBALAGEM 0.05 X0.05 X 3.0M,Un
Req p Produção,487873,DETER-SOLV 15 (PARA LIMPEZA DE PEÇAS),L
Req p Consumo,497820,"MANTA FILMA POLIET. 2mm. X 1,20 MT.",M2
Req p Consumo,497822,"TUBO EPE DIAM. 30 X 3MM X 1,6M CÓD.T30.3.1,6D30",Un
Req p Consumo,497836,CX.PAP.OND.DUP.25X20X16cm..,Un
Req p Consumo,497848,FITA PLAST. P/EMB. LARG. 10mm.,Un
Req p Consumo,497851,"MAD. P/ EMB. PINOS 3,0 x 0,10 x 0,023m.",Un
Req p Consumo,497872,FITA ADESIVA USO GERAL 3M C/ 100 MTS,Un
Req p Consumo,497874,FITILHO,Un
Req p Consumo,497875,FRASCO 500ML C/ TAMPA DE LACRE,Un
Req p Consumo,497885,FITA MET.P/EMB. - 1mm X 1'',KG
Req p Consumo,497897,"SELO DE AÇO POLIDO TR 25X60X0,90",KG
Req p Consumo,497916,SELO METALICO 1/2X25MM,KG
Req p Consumo,497940,CX.PAP.OND.DUP.42X20X16cm..,Un
Req p Consumo,497952,SACO PLASTICO 40 X 60 X 0.10,Un
Req p Consumo,497968,"SACO PLASTICO P/ DES. 34X24X0,20",Un
Req p Consumo,497990,FIVELA P/ FITA PLASTICA AB 12X28,Un
Req p Consumo,500046,FILTRO DE ÓLEO REF. 61199696,Un
Req p Consumo,500114,PARAF. ALLEN CC 12X50MA,Un
Req p Consumo,500122,"REGISTRO FECHA/RAPIDO ESFERA 1""",Un
Req p Consumo,500134,PARAF. ALLEN C/C 6 X 25MA,Un
Req p Consumo,500194,FILTRO P/ BEBEDOURO DE COLUNA,Un
Req p Produção,500254,GRAMPO TERRA GARRA NEGATIVA 300 ALUM,Un
Req p Consumo,500263,FILTRO REG. + LUB. 1/4 BIT 20M 0-12KGF RMSA + MANOM. E SUP. CÓD.5206011MS,Un
Req p Consumo,500271,ELEMENTO FILTRO DO HIDRAULICO,Un
"Req p Consumo,Req p Produção",500361,"VALVULA ESFERA 1/2"" P/ GÁS",Un
Req p Consumo,500376,ADESIVO SELANTE PU 387G POLYSTIC,Un
Req p Produção,500438,SILICONE ALTA TEM TEKBOND,Un
Req p Consumo,500459,TESOURA P/FUNILEIRO 279-12,Un
Req p Consumo,500496,"ARRUELA LISA 5/16"" AÇO GALV.",Un
Req p Produção,500526,ABRACADEIRA S/ FIM 13 A 16MM,Un
Req p Produção,500617,TORNO BANCADA FIXO NR 06 SOMAR,Un
Req p Consumo,500630,"NIPLE 1/4"" REF. ARC-112/1414",Un
Req p Consumo,500635,PLACA DE BORNE BMC-NORMAL W21/W22 63/100 K1 M4 10016977,Un
Req p Consumo,500662,BUCHA RED. 1/2 X 1/4 NPT,Un
Req p Consumo,500704,"GRAMPO P/ CABO DE ACO 3/8""",Un
Req p Consumo,500847,PARAF. ALLEN C.CAB M8 X 60MM,Un
Req p Consumo,500851,"ABRAC S/FIM 3/4"" X 1""",Un
Req p Produção,500871,JOGO DE ESCOVAS 220V F000611090,Un
"Req p Consumo,Req p Produção",500896,SELADORA P/ FITA PET DE 25MM,Un
Req p Consumo,500939,SERRA MARMORE 12-34 D - BOSCH,Un
Req p Consumo,501034,"PONTEIRO SEXT 520MM ENCAIXE 28,6MM",Un
Req p Consumo,501041,BATERIA IONS DE LITIO,Un
Req p Consumo,501042,"CARREGADOR RAPIDO BOSCH GAL P/ ESMERILHADEIRA BAT 5""",Un
Req p Consumo,501044,ESPUMA EXPANSIVA SPRAY 500ML,Un
Req p Consumo,501056,ROLAMENTO 8 ZZ C3,Un
Req p Consumo,501057,ROLAMENTO NU2204 ECP 20X47X18MM,Un
Req p Consumo,501061,ROLAMENTO 6001 12x12x8MM,Un
"Req p Consumo,Req p Produção",501065,ROLAMENTO 6201 2Z 12X32X10MM,Un
Req p Produção,501080,ROLAMENTO 6200 2RS,Un
Req p Consumo,501086,ROLAMENTO 3205 ATN9,Un
Req p Consumo,501087,ROLAMENTO 51205,Un
Req p Consumo,501094,ROLAMENTO 51105 25X42X11MM,Un
Req p Consumo,501100,ROLAMENTO 6305 25X62X17,Un
Req p Consumo,501111,ROLAMENTO 6002 2Z 15X32X9MM,Un
Req p Consumo,501113,ROLAMENTO 629 9X26X80MM,Un
Req p Consumo,501114,ROLAMENTO 608 2RS,Un
Req p Consumo,501147,ROLAMENTO 6309 Z 1ªL,Un
Req p Consumo,501148,ROLAMENTO 6209 Z 1ªL,Un
Req p Produção,501194,ROLAMENTO 2204 2RS ETN9,Un
Req p Consumo,501226,PISTOLA BICO AR P/ LIMPEZA,Un
"Req p Consumo,Req p Produção",501246,PVFLOC PAC (COAGULANTE PAC),KG
"Req p Consumo,Req p Produção",501248,PVLYE NA,KG
"Req p Consumo,Req p Produção",501251,GENCLOR CLORO EST TABLETES T-200,Un
Req p Consumo,501252,DOSADOR CLORADOR FLUTUANTE ALPHA NETUNO,Un
Req p Consumo,501258,BICO VENTURI S/CAPA COND. BOMBA PÓ PI-P1 0241225 WAGNER CÓD. 15.967-3,Un
Req p Consumo,501266,ROLAMENTO NTN SNR 6202ZZC3,Un
Req p Consumo,501267,ROLAMENTO NTN SNR 6206ZZ,Un
Req p Consumo,501268,SÉRIE DE GUARNIÇÕES MORSA HIDRÁULICA SHARK CÓD. 043.5614,Un
Req p Consumo,501269,ROLAMENTO 6000 ZZ,Un
Req p Produção,501275,"VALVULA ESFERA 3/4"" P/ GÁS",Un
Req p Consumo,501315,ENGATE RAPIDO DE SAÍDA 13MM LHN 220,Un
"Req p Consumo,Req p Produção",501330,CONJ. PEÇAS P/ ESMERILHADEIRA,Un
Req p Consumo,501344,"PARAF SEXT 5/16"" X 1"" UNC",Un
Req p Consumo,501345,"PORCA SEXT 5/16"" UNC",Un
Req p Consumo,501346,PORCA SEXT 3/8,Un
Req p Produção,501362,EURO CONECTOR SMW 187/187M/257 0906520/741342,Un
Req p Produção,501370,PARAF ALLEN C/C AÇO G12.9 MA 12 X 20,Un
Req p Produção,501371,PARAF ALLEN C/C AÇO G12.9 MA 8 X 30,Un
Req p Produção,501372,PARAF ALLEN C/C AÇO G12.9 MA 8 X 35,Un
Req p Consumo,501373,PARAF ALLEN C/C AÇO G12.9 MA 12 X 25,Un
Req p Consumo,501390,CONJ. PEÇAS P/ TOCHA DE SOLDA,Un
Req p Consumo,501391,PARAF SEXT 1 X 4 UNC,Un
Req p Consumo,501392,"ARRUELA LISA GALV 1""",Un
Req p Consumo,501393,ESTAÇÃO DE SOLDA DIGITAL CONJUGADA,Un
Req p Consumo,501485,ROLAMENTO 6204EE NTN,Un
Req p Consumo,501495,ROLAMENTO 6005 ZZ,Un
Req p Consumo,501695,"CORTINA DE SOLDA 1,15 X 1,77",Un
Req p Consumo,501700,GRAXA BRANCA SPRAY,Un
Req p Consumo,501896,"MANGUEIRA HIDR R1 3/8""",Un
Req p Consumo,501951,"MANGUEIRA TRANC HIDRO-AR PT300 5/16""",Mt
Req p Consumo,501952,MANG AP KARCHER,M
Req p Consumo,501965,CONJ. PEÇAS P/ MÁQUINA DE SOLDA,Un
Req p Consumo,502157,DEFLETOR INTERNO DO INSERTO PEM X12320488-WAGNER CÓD. 69.985-0,Un
Req p Consumo,504213,NIPLE RETO AÇO NPT 1/4,Un
Req p Consumo,504239,FIM DE CURSO FM9208,Un
Req p Consumo,504290,CONVERSOR FREQ. CFW100040S2024PSZ C/10413799,Un
Req p Consumo,504293,FILTRO AQUAPLUS AP 200 1/2,Un
Req p Consumo,504309,ELEMENTO FILTRANTE AP 200 COD. 0290132,Un
Req p Consumo,504370,BLOCO HGW 25 CC C/RASPADOR E TANQUE,Un
Req p Consumo,504380,BUCHA FIX D-6,Un
Req p Consumo,504387,DENTE CORRENTE 61PMM3 MS P/170-180-192 STILHL 36100001640-820D,Un
Req p Consumo,504407,FITA ADESIVA DUPLA FACE 12mm x 2M,Un
Req p Consumo,504413,BLOCO HGW 20 CCC C/RASPADOR E TANQUE,Un
Req p Consumo,504455,"CONEXÃO C/ ANEL 1/4"" P/ MANG. 5/16"" REF. ARC-120/14516",Un
Req p Consumo,504456,"CONEXÃO C/ ANEL 3/8"" P/ MANG. 3/8"" REF. ARC-120/3838",Un
Req p Consumo,504464,TUBO GUIA DO ARAME,Un
Req p Consumo,504525,BATERIA CR2032,Un
Req p Consumo,504528,ELEMENTO FILTRO OLEO 3020/3025/3030/4025/4030/4040 REF. 007.00231/AT,Un
Req p Consumo,504564,BOTOEIRA IND. XAC - A2713 - 2B + EMERGÊNCIA COD. CCA5667,Un
Req p Consumo,504594,FILTRO BRANCO 100 MESH (=FM27100) CÓD. T500.00A,Un
Req p Consumo,504606,ANEL ELASTICO I 32,Un
"Req p Consumo,Req p Produção",504620,SPRAY TINTA,Un
Req p Produção,504632,"BICO AF 5000 1,2MM REF. 2310542",Un
Req p Consumo,504646,ENGATE RAPIDO DE SAIDA 13MM - LHN 220,Un
Req p Consumo,504679,ENCODER SP 2500,Un
Req p Consumo,504680,ELEMENTO PRIMARIO FILTRO DE AR 4020/4025/4030/4040,Un
Req p Consumo,504681,ELEMENTO SECUNDARIO FILTRO DE AR 4020/4025/4030/4040,Un
Req p Consumo,504682,ELEMENTO SEPARADOR AR/OLEO,Un
Req p Consumo,504684,CINTA PARA ELEVAÇÃO 3 TON 2 MTS,Un
Req p Produção,504712,KIT DE REPARO REGULADOR DE FLUIDO T-601,Un
Req p Produção,504722,MANGUEIRA SOLDA DUPLA 5/16,M
Req p Consumo,504724,ADESIVO COLA JUNTA MOTORES 3M,Un
"Req p Consumo,Req p Produção",504749,AGUA DEIONIZADA/AUTOCLAVE,L
Req p Consumo,504771,ABRAÇADEIRA GALVANIZADA 9MM 1/2 - 3/4,Un
Req p Consumo,504778,"COTOVELO 90 FG 1/2""",Un
Req p Consumo,504785,"FILTRO DE LINHA 5 TOM PB 220V CB 1,5M 10A PT",Un
Req p Consumo,504808,PORCA SEXT. ACO 8.8 10MM,Un
Req p Produção,504852,MEMBRANA DIAFRAGMA T-43-9,Un
Req p Produção,504866,"SILENCIADOR DE BRONZE CONICO 1/4""",Un
Req p Consumo,504871,ELEMENTO FILTRO AR COALESCENTE CÓD. 702990 P/ COMPRESSOR SRP 4040 SÉRIE 31954.,Un
Req p Consumo,504872,"CONECTOR FEMEA TUBO X ROSCA 1/4"" X 1/4"" REF. ARC-4005/1414",Un
Req p Consumo,504875,"ENGATE RÁPIDO C/ ROSCA FÊMEA 1/4"" REF. ARC-ER-767-F-1/4",Un
Req p Consumo,504876,"ESPIGÃO FIXO P/ MANG. ROSCA MACHO 1/4"" X 1/4"" REF. ARC-100/1414",Un
Req p Consumo,504877,"ADAP. ROSCA MACHO 1/4"" REF. ARC-AD-767-MAN",Un
Req p Consumo,504878,PISTOLA ALTO RENDIMENTO LVLP,Un
Req p Consumo,504879,CAPA DE AR,Un
Req p Consumo,504880,KIT BICO AGULHA,Un
Req p Consumo,504881,"GRAXA SINTÉTICA P/ ALTAS ROTAÇÕES, SAPPHIRE HI-SPEED",KG
Req p Consumo,504892,ADESIVO FIXAÇÃO 160/638 50GR,Un
Req p Consumo,504893,VÁLVULA SOLENÓIDE VUVG-B14-B52-ZT-F-1T1L,Un
Req p Consumo,504894,MOLA MC 801116,Un
Req p Consumo,504895,MOLA MC 804017,Un
Req p Consumo,504981,"CONJ REPARO VALVULA DE ADMISSAO E COMPRESSAO AR DE 2"" C/ 2PÇS",Un
Req p Consumo,504982,"REPARO DA VALVULA DE ADMISSÃO 2""",Un
Req p Consumo,505003,CORRENTE PLAST 9MM AM/PT,M
Req p Consumo,505009,"CINTA PARA ELEVAÇÃO 3 TON 1,5 MTS",Un
Req p Consumo,505010,CINTA C/ CATRACA 3 TON 9 MTS 50MM,Un
Req p Consumo,505545,"TAMPA 56116005 P/ 2 MOD.SEP 1/2""- 3/4""",Un
Req p Consumo,505554,TAMPA SAK P/ PORTA FUSÍVEL,Un
Req p Consumo,505564,CONECTOR SAK P/ PORTA FUSÍVEL,Un
Req p Consumo,505657,TERMINAL PRE ISOLADO,Un
Req p Consumo,507098,OLEO HIDRAULICO MINERAL ISO VG 220,L
"Req p Consumo,Req p Produção",507106,OLEO HID. RANDO HD-68,L
"Req p Consumo,Req p Produção",507119,OLEO DESENGRIPANTE LUB 300ML,Un
"Req p Consumo,Req p Produção",507120,OLEO DESENGRIPANTE SPRAY (M1/ WD-40) 300ML,Un
"Req p Consumo,Req p Produção",507124,OLEO DESENGRIPANTE SPRAY (M1/ WD-40) 500ML,Un
Req p Produção,507132,OLEO MINERAL P COMPRES PARAF,L
Req p Consumo,507500,OLEO LUBSCHULZ 8000 HRS,L
"Req p Consumo,Req p Produção",507512,CARVÃO VEGETAL,KG
Req p Produção,508963,OLEO 220 MANCAL,L
Req p Consumo,509018,LUBRIFICANTE SILICONE SPRAY 230 GS,Un
Req p Produção,509037,INDUZIDO 220V F000605225 CÓD.48302,Un
Req p Produção,509083,MICRO VENTILADOR 120X120X50 220V,Un
Req p Consumo,509145,PARAF ALLEN C/CHATA 8MM X 20MM,Un
Req p Consumo,509159,BUCHA FIX D8,Un
Req p Consumo,509171,"MANG TRANCADA SPT-250 3/4""",Un
Req p Consumo,509266,FILTRO CARTÃO PLINSADO 1250 X 800MM 20 PLINSAS,Un
Req p Consumo,509268,MANTA PA50 795 X 1270MM,Un
Req p Consumo,509324,REGULADOR DE PRESSÃO OXIGENIO R82 METAL GAS,Un
Req p Consumo,509378,MANTA HV500 795 X 1270MM,Un
Req p Produção,509380,MANTA HV500 810 X 1270MM,Un
Req p Consumo,509475,REGULADOR PRESSÃO ARGONIO/CO2 C/ FLUXOMETRO CÓD. 40123827,Un
Req p Consumo,509479,"MANG. BORRACHA P/ TINTA E SOLVENTE 3/8"" REF.: ARC-MBTD",M
Req p Consumo,509480,"MANGUEIRA INCENDIO 2.1/2"" 15MT TIPO 2",Un
Req p Consumo,509481,"ESGUICHO REGULÁVEL 2.1/2""",Un
Req p Consumo,509482,"CHAVE STORZ DUPLA 1.1/2"" X 2.1/2"" ER",Un
Req p Produção,509494,FILTRO P/ PURIFICADOR IBBL REFIL GIROU TROCOU C+3,Un
Req p Produção,509499,"MANGUEIRA OFFSHORE 3/8"" X 5000MM C/ TERMINAIS",Un
Req p Consumo,509501,MOTOR DE PASSO OSCILADOR CÓD. 11.710,Un
Req p Consumo,509506,LINGA QUÁDRUPLA SR4,Un
Req p Consumo,509507,CORRENTE 8MM X 2300MM P/ LINGA QUÁDRUPLA SR4,Un
Req p Consumo,509508,"MANGUEIRA HIDRAULICA ALTA TEMPERATURA 5/8"" X 650MM~670MM C/ TERMINAIS",Un
Req p Consumo,509509,"MANGUEIRA HIDRAULICA ALTA TEMPERATURA 1"" X 410MM~690MM C/ TERMINAIS",Un
Req p Consumo,509510,"MANGUEIRA HIDRAULICA ALTA TEMPERATURA 1/2"" X 1000MM C/ TERMINAIS",Un
Req p Produção,509514,ARRUELA 340 X 380 X 13 PSA-108 NBR,Un
Req p Consumo,509515,FIXADOR BELGO P/ TELA,Un
"Req p Consumo,Req p Produção",509526,OLEO P/ TRATOR AMBRA MULTI 10W30,L
Req p Consumo,509595,GRAXA LUB NSK LÍTIO,KG
Req p Consumo,509607,ESPUMA WEG 63 / 71 / 80... 132,Un
Req p Consumo,510495,PARAF. SEXT GALV 3/8 X 1.1/2,Un
Req p Consumo,512327,CHAVETA EM AÇO TREF. 1045 8X8X500MM,Un
Req p Consumo,512328,CHAVETA EM AÇO TREF. 1045 10X10X500MM,Un
Req p Consumo,515458,"VALVULA SOLENOIDE 2 VIAS ROSCA 1/4"" 24V",Un
Req p Consumo,527856,TOMADA DUPLA 10A,Un
Req p Consumo,532712,CANALETA 20 X 12 X 2000 S/ DIV C/ ADESIVO - SIST X,Un
"Req p Consumo,Req p Produção",533009,"BICO CONT. 1,2MM M6",Un
Req p Produção,533013,"CB FLEX 750V 004,00MM",Un
Req p Produção,533043,ISOLADOR MC. CÓD.MC441,Un
"Req p Consumo,Req p Produção",533045,"GUIA ESPIRAL 1,2MM 4,5M CÓD.MP804",Un
"Req p Consumo,Req p Produção",533046,"GUIA ESPIRAL 1,2MM 5,5M CÓD.MP805",Un
"Req p Consumo,Req p Produção",533053,PORTA BOCAL M08 CÓD.MB406,Un
Req p Consumo,533082,"CB FLEX 1KV 04X002,5MM PT",M
Req p Produção,533083,"CB FLEX 750V 002,5MM",Mt
Req p Produção,533084,"CB FLEX 750V 001,5MM",Mt
Req p Consumo,533095,"CB FLEX 1KV 04X004,00MM PT",Mt
"Req p Consumo,Req p Produção",533107,"ALICATE UNIVERSAL 8"" 8280 IOX",Un
Req p Consumo,533134,"ABRACADEIRA NYLON 209MM X 2,52MM",Un
Req p Consumo,533135,ABRACADEIRA NYLON 535MM T-250R,Un
Req p Consumo,533136,"ABRACADEIRA NYLON 300MM X 4,06MM",Un
Req p Produção,533142,"CB FLEX 750V 006,00MM PT (BR C/BRF)",M
Req p Consumo,533175,MULTÍMETRO DIGITAL CAT II 600V TRUE RMS C/ MEDIDOR DE TEMPERATURA,Un
Req p Produção,533180,"CB FLEX 1KV 02x002,50MM PT (GCB)",M
Req p Consumo,533197,"CHAVE COMBINADA 3/4""",Un
Req p Consumo,533204,"GUIA ESPIRAL ACO 1,2MM 3.5M CÓD.MP803",Un
Req p Consumo,533237,ABRAC. NYLON 0150MMX3.60MM NT T030R,Un
Req p Produção,533252,"CB FLEX 1KV 2X1,5MM G7",M
Req p Produção,533263,TOM SOB 3P 016A 6H 220/240V AZ(N3006),Un
Req p Consumo,533302,FUSIVEL DIAZED RET gL/gG 500V 50A (DZGL050),Un
"Req p Consumo,Req p Produção",533396,"BICO CONT. 1,2MM M8 CÓD. MA063",Un
Req p Consumo,533428,BATERIA 9V,Un
Req p Consumo,533510,ALICATE PRENSA TERMINAIS 5 EM 1 AP 510,Un
Req p Consumo,533518,CHAVE DE SEGURANÇA AZ1612 ZVRK + ATUADOR AZ1516 B1 - PN- 171589,Un
"Req p Consumo,Req p Produção",533572,PILHA ALCALINA AA,Un
Req p Consumo,533597,"CB FLEX 1KV 03X002,50MM",M
Req p Consumo,533646,CHAVE REVERSORA 2 POSIÇÃO CÓD.901893,Un
"Req p Consumo,Req p Produção",533653,BOCAL CONICO 1.6MM CÓD. ME516,Un
Req p Consumo,533658,ESTATOR - 220V 1604220231 CÓD.710,Un
"Req p Consumo,Req p Produção",533701,FITA TEFLON 3/4 x 50 Mts,Un
Req p Consumo,533752,"BICO CONT.1,2MM M8 D10CU/CR/ZR CÓD.MA143",Un
"Req p Consumo,Req p Produção",533786,FITA ISOLANTE 19MM X 20M PRET,Un
Req p Produção,533819,"CB CONTROL 1KV 12 X 1,5MM",M
Req p Consumo,533841,FITA P/ ROTULADORA BROTHER M231 12MM PT/BC,Un
Req p Consumo,533842,ROTULADORA ELETRON BROTHER PT80EU,Un
Req p Consumo,533852,CAPA DE RASPA P/ TOCHA 35MM 20MTS CÓD.BO736,M
Req p Consumo,533879,CONECTOR RJ45 CAT5E,Un
"Req p Consumo,Req p Produção",533880HYP,BOCAL EXTERNO HPRXD 30/130A REF.: 220747 HYPERTHERM,Un
Req p Consumo,533881HYP,BOCAL 30A (HYP220194),Un
"Req p Consumo,Req p Produção",533883HYP,BOCAL DE PROTEÇÃO 80A REF.: 220189 HYPERTHERM,Un
"Req p Consumo,Req p Produção",533884HYP,BOCAL DE PROTEÇÃO 130A REF.: 220183 HYPERTHERM,Un
Req p Produção,533884MEG,BOCAL DE PROTEÇÃO 130A REF.: 220183 MEGAPLASMA,Un
Req p Produção,533885HYP,DIFUSOR DE GÁS 80/130A REF.: 220179 HYPERTHERM,Un
Req p Produção,533886HYP,TUBO DE REFRIGERAÇÃO 30/260A REF.: 220340 HYPERTHERM,Un
Req p Produção,533888HYP,DISTRIBUIDOR DE GÁS 30/45A (HYP220180),Un
Req p Produção,533889HYP,CAPA 30A (HYP220754),Un
"Req p Consumo,Req p Produção",533890HYP,CAPA RETENTORA 80/130A REF.: 220756 HYPERTHERM,Un
Req p Produção,533890MEG,CAPA RETENTORA 80/130A REF.: 220756 MEGAPLASMA,Un
"Req p Consumo,Req p Produção",533891HYP,BICO DE CORTE 80A REF.: 220188 HYPERTHERM,Un
"Req p Consumo,Req p Produção",533892HYP,BICO DE CORTE 130A REF.: 220182 HYPERTHERM,Un
"Req p Consumo,Req p Produção",533892MEG,BICO DE CORTE 130A REF.: 220182 MEGAPLASMA,Un
Req p Consumo,533922,PORTA BICO M8 CÓD.MB396,Un
Req p Consumo,533929,TOMADA 2P+T 10A 250V 4X2,Un
"Req p Consumo,Req p Produção",533953,GRAMPO TERRA GARRA NEGATIVA 500 AMP BZE,Un
Req p Consumo,534000,PLUG MACHO 2P+T 10A 6005,Un
Req p Consumo,534007,"CONEC SINDAL 10,0MM 250V 57A",Un
"Req p Consumo,Req p Produção",534050HYP,ELETRODO SILVERPLUS 130A REF.: 220181 HYPERTHERM,Un
Req p Produção,534050MEG,ELETRODO SILVERPLUS 130A REF.: 220181 MEGAPLASMA,Un
Req p Consumo,534061,TRILHO DIN P/FIXAÇÃO DE CONTATOR CH20,Un
Req p Consumo,534091HYP,ELETRODO 30A (HYP220192),Un
Req p Consumo,534116HYP,BICO 30A (HYP220193),Un
Req p Consumo,534126,"CB FLEX 1KV 01X70,00MM",M
Req p Consumo,534140,"CHAVE PHILIPS 1/4"" X 6"" ISOLADA NR10",Un
"Req p Consumo,Req p Produção",534144HYP,ELETRODO SILVERPLUS 80A REF.: 220187 HYPERTHERM,Un
Req p Consumo,534151,EUROCONECTOR MACHO R 1/2 CÓD.MO789,Un
Req p Consumo,534186,INTERRUPTOR SMBE CÓD.MJ680,Un
Req p Consumo,534187,MOLA RETORNO GATILHO-SMBR CÓD.MK690,Un
Req p Consumo,534191,MICROVENTILADOR AXIAL P/EQUIPTO INDL 15CM 127/220V 50/60HZ REF.E15CD,Un
Req p Consumo,534212,DISJUNTOR MONOFASICO ABB SH201 T C20 20A,Un
"Req p Consumo,Req p Produção",534223,"CABO PP 4 X 2,5MM",Mt
Req p Consumo,534231HYP,SILICONE LUBRIFICANTE O'RING REF.: 027055 HYPERTHERM,Un
Req p Consumo,534277,LIMPA CONTATO,Un
Req p Consumo,534281,LAMPADA LED BULBO A60 6500L 12W,Un
Req p Consumo,534299,PILHA ALCALINA AAA PALITO,Un
Req p Consumo,534313,MICRO PISTOLA 50° SBME235 CÓD.MF574,Un
Req p Consumo,534314,ISOLADOR DA CURVA CÓD.MC446,Un
Req p Consumo,534315,PUNHO COMPLETO MIG CÓD.MG755,Un
Req p Consumo,534319,TERMINAL CHATO FE2216-51 CÓD.MM770,Un
Req p Consumo,534321,BLOCO FIX DA MICRO PISTOLA CÓD.MG622,Un
Req p Produção,534322,"CAPA PROT. RASPA 0,32MM CÓD.BO736",Un
Req p Consumo,534324,GATILHO ACIONAMENTO SBME CÓD.ML740,Un
Req p Consumo,534338,MICRO PISTOLA SBME 450/470 CÓD. MF252,Un
Req p Consumo,534339,"LUVA C.C 38X21,5X18 CÓD. TJ584",Un
Req p Consumo,534340,PONTEIRA DIANTEIRA C C CÓD. MM897,Un
Req p Consumo,534351,TERMINAL 2/0 CÓD.1128,Un
Req p Consumo,534352,CONECTOR MACHO 13MM CABO CÓD.3099,Un
Req p Consumo,534357,"ABRAC INSUL 200MM X 4,60MM NT",Un
Req p Consumo,534366,HARD&SOFT GIGAMAX C5E+TRUE100MHZ 4P 333M,Un
Req p Consumo,534369,GRAMPO NEG SARGENTO 500 - 600 MEGAARC,Un
Req p Consumo,534377,KIT INSTALAÇÃO,Un
Req p Consumo,534390,CAIXA P/ MONT. S/ EMB. STECK 23X17X9 EX. 231,Un
Req p Consumo,534415,CONJ. INT. SOBREPOR,Un
Req p Produção,534433,BICO SIMPLES 1.00 RAYTOOLS CÓD WELLE 8646,Un
"Req p Consumo,Req p Produção",534435,BICO DUPLO 1.2MM ROYTOOLS CÓD WELLE 10165,Un
"Req p Consumo,Req p Produção",534436,BICO DUPLO 1.5MM ROYTOOLS CÓD WELLE 8652,Un
"Req p Consumo,Req p Produção",534437,CERAMICA ROYTOOLS CÓD WELLE 8656,Un
"Req p Consumo,Req p Produção",534438,JANELA DE PROTEÇÃO INFERIOR ROYTOOLS CÓD WELLE 8657,Un
Req p Produção,534447,BICO SIMPLES 1.20 RAYTOOLS CÓD WELLE 8645,Un
"Req p Consumo,Req p Produção",534448,JANELA DE PROTEÇÃO SUPERIOR ROYTOOLS CÓD WELLE 8658,Un
"Req p Consumo,Req p Produção",534459,BICO DUPLO 2.5MM ROYTOOLS CÓD WELLE 8654,Un
"Req p Consumo,Req p Produção",534460,BICO DUPLO 3.0MM ROYTOOLS CÓD WELLE 8655,Un
Req p Consumo,534469,PILHA BATERIA 23A P/ CONTROLE DO ALARME INFLAMÁVEIS,Un
Req p Consumo,534474,FILTRO REFIL P/ UN HIDRAULICA MESA TROCA CS3000 CÓD. WELLE 10751,Un
Req p Consumo,534475,KIT TRATAMENTO AGUA CHILLER 1 E 2K CÓD. WELLE 9821,Un
Req p Consumo,534476,GUIA DESLIZANTE CÓD. WELLE CS3000.30.20.073,Un
Req p Consumo,534477,BUCHA DESLIZANTE CÓD. WELLE CS3000.30.20.093,Un
Req p Consumo,534478,"CHAVE FENDA 3/16"" X 4""",Un
Req p Consumo,534479,"CHAVE FENDA 3/16"" X 3""",Un
Req p Consumo,534480,"CHAVE COMBINADA 1/2""",Un
Req p Consumo,534481,CHAVE COMBINADA 20MM,Un
Req p Consumo,534482,SENSOR INDUTIVO I12-2 DPC PNP 4 FIOS 1NA+1NF,Un
"Req p Consumo,Req p Produção",534483,CABO SENSOR CAPACITIVO WELLE,Un
Req p Consumo,534486,"CHAVE DE FENDA 1/4"" X 6 ISOLAMENTO",Un
Req p Consumo,534491,PROTETOR TRASEIRO BI-PARTIDO - CÓD MR853,Un
Req p Consumo,534509,"CABO COMANDO 10X1,5",Un
"Req p Consumo,Req p Produção",534510,FIXADOR VERTICAL KF111 RBL,Un
"Req p Consumo,Req p Produção",534514,"TOCHA MIG SBME450 C/RASPA 5,0M CÓD.MW303",Un
Req p Consumo,534520,SARGENTO 100X95X170MM,Un
Req p Consumo,534521,SARGENTO 75X75X130MM,Un
Req p Consumo,534522,"MICRO PISTOLA SBME450/470 1/2"" CÓD. MF252",Un
Req p Produção,534526,BICO SIMPLES 1.0 P/ LASER JFY (PLAQUETA 1550),Un
Req p Produção,534527,BICO SIMPLES 1.2 P/ LASER JFY (PLAQUETA 1550),Un
Req p Produção,534529,BICO SIMPLES 2.0 P/ LASER JFY (PLAQUETA 1550),Un
Req p Produção,534530,BICO SIMPLES 2.5 P/ LASER JFY (PLAQUETA 1550),Un
"Req p Consumo,Req p Produção",534531,BICO SIMPLES 3.0 P/ LASER JFY (PLAQUETA 1550),Un
Req p Produção,534537,BICO DUPLO 3.0 P/ LASER JFY (PLAQUETA 1550),Un
"Req p Consumo,Req p Produção",534540,CERÂMICA P/ LASER JFY (PLAQUETA 1550),Un
"Req p Consumo,Req p Produção",534541,JANELA DE PROTEÇÃO INFERIOR JFY Ø37 D7,Un
Req p Consumo,534552,RECEPTÁCULO DE LOUÇA E27 4A 250V,Un
Req p Consumo,534553,PLUG N-3076 220/250V 6H AZ 2P+T 16A,Un
Req p Consumo,534554,PROJETOR LED 6500K IP66 BIV 4000LM 50W,Un
Req p Consumo,534555,PLUG N 4276 380/440V 6H 3P+T 32A,Un
Req p Consumo,534556,FITA AUTO FUSÃO 23BR,Un
Req p Consumo,534557,ACOPLAMENTO STANDART 6H 2P+T 200/250V 16A IP44,Un
Req p Consumo,534561,FONTE CHAVEADA 24VCC 10A NDR-240-24 240W P/ TRILHO DIN,Un
Req p Consumo,534564,ELEMENTO FILTR MEDIO 20 MICRON 3109,Un
Req p Produção,534566,BICO DUPLO 1.2 P/ LASER JFY (PLAQUETA 1550),Un
Req p Produção,534567,BICO HIGH SPEED 1.4 ESPECIAL DUPLO JFY,Un
"Req p Consumo,Req p Produção",534569,BICO 1.6 ESPECIAL P/ LASER JFY (PLAQUETA 1550),Un
Req p Consumo,534856,PORTA BICO MB402 SB ME 125/135,Un
Req p Consumo,534857,BOCAL LEVE SB ME 135 15MM ME-523,Un
Req p Consumo,534884,"CABO PP 4 X 4,00mm 0,6/1KV",Mt
Req p Produção,534909,PROJETOR LED 6500K IP65 2700LM 30W,Un
Req p Consumo,535152,CHAPA EXPANDIDA 3/16 X 1200,Un
Req p Produção,540004,LAMP LED BULB IMP2 50W 6500K E-27,Un
Req p Consumo,545129,INTERRUPTOR HORÁRIO COEL BWT40HR 100A 240VCA 48 A 63HZ,Un
Req p Produção,545133,"ACO LAMINADO RED 1.5/8"" 4340",KG
Req p Consumo,547897,"MANOMETRO TOTAL INOX 100MM 1/2"" NPT 0-10 BAR",Un
Req p Consumo,547898,REGULADOR DE PRESSÃO DE AR - ZIP52 CÓD. P123.00,Un
Req p Consumo,548877,"ELETRODO ANTI CHAMAS 3/4""",Un
Req p Consumo,556514,ESTATOR 220V - GWS26 - 180,Un
Req p Consumo,561514,CORREIA A 71,Un
Req p Consumo,562235,CORREIA B 62,Un
Req p Consumo,562270,CORREIA B 92,Un
Req p Consumo,562294,CORREIA B 96,Un
Req p Consumo,569875,ALAVANCA PLM 600,Un
Req p Consumo,569897,"PONTA DE PROVA 1,10M C/ GARRA JACARÉ 70MM",Un
Req p Consumo,592635,TARUGO NYLON 60MM (NYLON 6.0),KG
Req p Consumo,596684,"ABRACADEIRA NYLON 2,5 X 140 TR-30",Un
Req p Consumo,596685,"ABRACADEIRA NYLON 2,5 X 200MM",Un
Req p Consumo,596686,"ABRACADEIRA NYLON 4,8 X 380/400MM",Un
Req p Consumo,596687,"ABRACADEIRA NYLON 7,6 X 400MM TR-120R",Un
Req p Consumo,599003,ARISCO (M3),Un
Req p Consumo,599004,AREIA GROSSA (M3),Un
Req p Consumo,599013,CIMENTO POTY (50KG),Un
Req p Consumo,599018,TIJOLO BRANCO,Un
Req p Consumo,599019,TIJOLO FURADO,Un
Req p Consumo,599027,CADEADO 35MM,Un
Req p Consumo,599034,"TORNEIRA INOX 3/4""",Un
Req p Consumo,599038,CANO PVC 25MM,Un
Req p Consumo,599039,TE PVC 25MM,Un
Req p Consumo,599040,JOELHO PVC 25MM,Un
Req p Consumo,599042,"JOELHO 25 X 1/2""",Un
Req p Consumo,599044,"ABRACADEIRA S/ FIM 09MM 1/2"" A 3/4""",Un
Req p Consumo,599070,BRITA 01(M3),Un
Req p Consumo,599071,PALHA DE AÇO Nº 2,Un
Req p Consumo,599079,JOELHO SOLDAVEL 32MM,Un
Req p Consumo,599087,CARRO DE MÃO REFORÇADO,Un
Req p Consumo,599088,PNEU P/ CARRO DE MÃO 325 X 8,Un
Req p Consumo,599106,LINHA NYLON Nº8,Un
Req p Consumo,599116,PÁ QUADRADA,Un
Req p Consumo,599133,TE REDUÇÃO SOLD. IRRIGA LF 100X50MM,Un
Req p Consumo,599147,CONJ TOMADA 2P+T 20A,Un
Req p Consumo,599149,SIFAO COPO,Un
Req p Consumo,599150,LUVA UNIAO SOLD. 25MM,Un
Req p Consumo,599160,TUBO SOLDAVEL 25MM,Un
Req p Consumo,599172,CADEADO 20MM,Un
Req p Consumo,599229,"JOELHO SOLDAVEL 25 X 3/4""",Un
Req p Consumo,599250,TRELICA 6/4/3 4-8LL 12M,Un
Req p Consumo,599251,TRELIÇA TR 8LL 12M,Un
Req p Consumo,599488,ADESIVO INSTANTANEO 20 G,Un
Req p Consumo,599509,CIMENTO PRONTO 25KG,Un
Req p Produção,599514,"ESPATULA DE AÇO 2.1/2"" REF. 6255/10",Un
"Req p Consumo,Req p Produção",599569,"ABRACADEIRA S/ FIM 09MM 1/2"" A 5/8""",Un
"Req p Consumo,Req p Produção",599999,CP MAT. P/ MANUTENÇÃO INDUSTRIAL,Un
Req p Consumo,600099,"PAQUÍMETRO UNIVERSAL ANALÓGICO 150MM/6"" (0,02MM)",Un
Req p Consumo,600152,"CHAVE GRIF 24""",Un
Req p Produção,600158,LIMA ROTATIVA TOPO ESFER/CILIN 10MM,Un
Req p Consumo,600159,"PAQUÍMETRO UNIVERSAL ANALÓGICO 200MM/8"" (0,02MM)",Un
Req p Consumo,600160,"CHAVE COMBINADA 9/16""",Un
Req p Consumo,600233,"ALICATE DE PRESSÃO 10""",Un
Req p Consumo,600339,"PARAFUSO TORX M2,5 X 6,5MM T8",Un
"Req p Consumo,Req p Produção",600352,"DISCO DE DESBASTE 4.1/2""",Un
"Req p Consumo,Req p Produção",600360,BROCA ESCALONADA M8 - K6223-8,Un
Req p Consumo,600368,"MANDRIL C/C 1,5 A 13MM 1/2"" X20 ID.020167",Un
Req p Consumo,600369,"CHAVE DE GRIF 14""",Un
Req p Consumo,600395,JG CHAVE SOQ ENC GEDORE 1/2 10 A 32,Un
Req p Consumo,600402,TRENA FIBRA DE VIDRO 20M,Un
Req p Consumo,600417,JG CHAVE COMBINADA 6 A 22MM C/ 11 PÇS,Un
Req p Consumo,600421,CHAVE COMB 10MM,Un
Req p Consumo,600446,"NIVEL EM ALUMINIO GP-MAG STANLEY 14""",Un
Req p Consumo,600448,CH AJUST 06 FOSFATIZADA,Un
"Req p Consumo,Req p Produção",600485,"ESMERILHADEIRA ANGULAR 4.1/2"" GWS 850 115MM",Un
Req p Produção,600503,INS PASTILHA APPT1604PDSRGD KCPK30,Un
Req p Consumo,600504,ESMERILHADEIRA E LIXADEIRA PNEUMATICA - ELR - 120/5 NEF,Un
Req p Consumo,600513,TERMÔMETRO INFRAVERMELHO DIGITAL PORT -50 +600°C REF MT-320B MINIPA,Un
Req p Produção,600529,APLICADOR DE SILICONE,Un
Req p Produção,600534,CHAVE COMB 36MM,Un
Req p Produção,600545,PENEIRA FILTRO MALHA 80,Un
Req p Consumo,600553,JG ALICATES P/ ANÉIS 4 PÇS C/ MÓDULO,Un
Req p Consumo,600554,CHAVE HEXAGONAL 6MM,Un
Req p Consumo,600555,JG CHAVE ALLEN ABAULADAS C/ 9 PÇS,
"Req p Consumo,Req p Produção",600559,CALÇO 170.3-852 TNMG 16,Un
"Req p Consumo,Req p Produção",600562,ACESSORIO 50L12 - RH36 COMPLETO,Un
Req p Consumo,600565,LANTERNA CABEÇA NTK,Un
Req p Produção,600567,"LIXADEIRA HOOKIT ORBITAL 6"" - 150MM PNEUMÁTICA",Un
Req p Consumo,600580,"LUPA GRADUADA C/ ESCALA 25X 0,05MM",Un
Req p Produção,600582,"LIXADEIRA ANGULAR PNEUMÁTICA 4""/5"" PNEUMÁTICA",Un
Req p Consumo,600588,LANTERNA RECARREGAVEL SUPER LED,Un
Req p Consumo,600592,"ESMERILHADEIRA ANGULAR 7"" GWS 28-180 2800W",Un
Req p Consumo,600596,ALICATE DE COMPRESSÃO TRAMONTINA,Un
Req p Consumo,600607,SUPORTE EXTERNO DE CANAL HELIL 2525 4T25,Un
Req p Consumo,600608,INSERTO PASTILHA GRIP 4004Y RW206PU,Un
Req p Consumo,600609,FRESA C/ HASTE BAP300R C25 25 150 3F,Un
Req p Consumo,601000,"ADAPTADOR ROSCA EXT 2.1/2"" X 2"" BSP",Un
Req p Consumo,601381,"CHAVE AJUSTÁVEL 6""",Un
Req p Produção,601434,REBITADOR ALAVANCA RA 450 VONDER,Un
"Req p Consumo,Req p Produção",610306,TRENA 3 M,Un
"Req p Consumo,Req p Produção",610307,TRENA 8 M,Un
"Req p Consumo,Req p Produção",610402,TRENA 5 M,Un
"Req p Consumo,Req p Produção",610403,TRENA 10 M,Un
"Req p Consumo,Req p Produção",633975,CADEADO 35MM,Un
Req p Produção,641285,BROCA AR 1/2 HAST.CIL.DIN338,Un
"Req p Consumo,Req p Produção",641303,BROCA AR 1/8 HAST.CIL.DIN338,Un
Req p Consumo,641305,BROCA AR 1/8 HAST.CIL.DIN338 LONGA,Un
Req p Produção,641310,BROCA AR 7/32 LONGA DIN340,Un
Req p Consumo,641311,BROCA AR JG 1/16 A 1/2 C/ 29 PÇS,Un
Req p Produção,641364,BROCA AR 11/64 HAST.CIL.DIN338,Un
Req p Produção,641388,BROCA AR 7/16 LONGA DIN340,Un
Req p Produção,641390,BROCA AR 11/32 LONGA DIN340,Un
Req p Produção,641406,BROCA AR 13/64 HAST.CIL.DIN338,Un
"Req p Consumo,Req p Produção",641509,BROCA AR 3/16 HAST.CIL.DIN338,Un
Req p Produção,641560,BROCA AR 3/8 HAST.CIL.DIN338,Un
Req p Produção,641583,BROCA AR 5/16 HAST.CIL.DIN338,Un
"Req p Consumo,Req p Produção",641601,BROCA AR 5/32 HAST.CIL.DIN338,Un
Req p Produção,641628,BROCA 25.00MM RDR 3250 25T2-07,Un
Req p Produção,641629,BROCA TOR 22MM 3XD 25T2-07,Un
Req p Produção,641635,"BROCA CONICA 23,0mm DIN 345",Un
Req p Produção,641649,BROCA AR 7/16 HAST.CIL.DIN338,Un
Req p Produção,641662,BROCA AR 7/32 HAST.CIL.DIN338,Un
Req p Produção,641674,BROCA AR 13/32 HAST.CIL.DIN338,Un
Req p Produção,641704,BROCA AR 9/32 HAST.CIL.DIN338,Un
Req p Produção,641716,BROCA CONICA 1/2 DIN 345,Un
Req p Produção,641728,BROCA CONICA 13/32 DIN 345,Un
Req p Produção,641740,BROCA CONICA 11/16 DIN 345,Un
Req p Produção,641741,BROCA AR 9/64 HAST.CIL.DIN338,Un
"Req p Consumo,Req p Produção",641765,BROCA AR 1/4 HAST.CIL.DIN338,Un
Req p Produção,641766,BROCA AR 9.0MM HAST.CIL.DIN338,Un
"Req p Consumo,Req p Produção",641790,BROCA CONICA 5/16 DIN 345,Un
Req p Produção,641872,BROCA CONICA 37/64 DIN 345,Un
Req p Produção,641881,BROCA CONICA 9/16 DIN 345,Un
Req p Produção,641905,"BROCA CONICA 18,0mm DIN 345",Un
Req p Produção,641911,BROCA CONICA 5/8 DIN 345,Un
Req p Produção,643105,BROCA DE CENTRO 3/16X7/16,Un
Req p Produção,643106,BROCA DE CENTRO 5/16X3/4,Un
Req p Produção,643117,BROCA DE CENTRO 1/8 X5/16,Un
Req p Produção,643294,BROCA CONICA 1/4 DIN 345,Un
Req p Produção,643417,"BROCA FRESA DE TOPO 8,00MM 2 NAVALHAS METAL DURO",Un
Req p Produção,643418,"BROCA FRESA DE TOPO 6,00MM 2 NAVALHAS METAL DURO",Un
Req p Produção,643427,INSERTO PASTILHA ROSCA EXT RT16.01W-60P YBG201,Un
Req p Produção,643428,INSERTO PASTILHA ROSCA INT LT22.01W-60P YBG201,Un
Req p Produção,643431,FRESA TOPO RETO 1/2X32X1/2X75 MD 4C 45 HRC,Un
Req p Produção,643452,BROCA TOPO 5/16 4 NAVALHAS,Un
Req p Produção,643464,BROCA TOPO 1/2 4 NAVALHAS,Un
Req p Produção,643465,BROCA TOPO 12MM 4 NAVALHAS,Un
Req p Produção,645012,MACHO MÁQUINA HELICOIDAL 1/4 UNF DIN2182-281/2,Un
Req p Produção,645014,MACHO MÁQ HEL. 1/4 UNC DIN2182-280/2,Un
Req p Produção,645025,MACHO 5/16 UNC DIN2183-285/2-OX,Un
"Req p Consumo,Req p Produção",645102,MACHO MANUAL OSG 1/4 UNF 100B DIN351,Un
Req p Consumo,645175,MACHO 1/2 UNC DIN-2183-285/2 OX,Un
Req p Consumo,645369,MACHO OSG 1/4 UNC 100C DIN351,Un
Req p Produção,645400,MACHO OSG 5/16UNC 100A DIN351,Un
Req p Consumo,645725,"MACHO MANUAL 3/16"" UNF 32F",Un
"Req p Consumo,Req p Produção",646301,LAMINA DE SERRA 1/2 X 12,Un
Req p Produção,646404,LAMINA DE SERRA 1 X 12,Un
Req p Produção,647433,"SERRA EM FITA PB - 1"" 4-6 VPR",Un
Req p Produção,647471,"SERRA EM FITA PB II - 27- 3-4 C/ 3,66M",Un
Req p Consumo,648050,REBOLO DE ESMERIL 10 X 1,Un
Req p Produção,648383,INS ADMX 11T308PR-R 8330,Un
Req p Produção,648384,INS SPMG 07T308 ZVRW1328,Un
"Req p Consumo,Req p Produção",648385,INSERTO SPMG 09.04.08 RW1328,Un
Req p Produção,648386,PASTILHA TNMG 16.04.04 EL - SIT9325,Un
Req p Produção,648670,INS CNMG 12.04.08 - UF T9020,Un
Req p Produção,648674,BROCA LONGA AR 1/4 HAST.CIL.DIN338,Un
Req p Produção,648712,INS GRIP 4004Y IC808,Un
Req p Produção,649038,INS 22 I R M AG 60 - IC 250,Un
Req p Produção,649043,INS EXT 16 ER 6 STACME TT7010,Un
"Req p Consumo,Req p Produção",649259,"DISCO DE LIXA G-36 7""",Un
"Req p Consumo,Req p Produção",649272,"DISCO DE DESBASTE 1/4 x 7 x 7/8""",Un
"Req p Consumo,Req p Produção",649280,"DISCO FLAP 4"" G-60",Un
Req p Produção,649302,"DISCO P/ POLICORTE 1/8 X 10""",Un
"Req p Consumo,Req p Produção",649304,"DISCO P/ POLICORTE 1/8 X 7""",Un
"Req p Consumo,Req p Produção",649305,"DISCO P/ POLICORTE 1MM X 4.1/2"" P/ INOX",Un
"Req p Consumo,Req p Produção",649351,ESC. DE ACO 1777 P/SOLDADOR,Un
Req p Produção,649654,INSERTO MGMN 200 RWM215,Un
Req p Produção,649655,INSERTO MGMN 400 RWM215,Un
Req p Consumo,649656,PENETRADOR DE DIAMANTE UNIVERSAL P/ DUROMETRO,Un
Req p Consumo,649657,PADRÃO DUREZA SECUNDÁRIA ESCALA ROCKWELL FAIXA 58HRC C/ CERTIFICADO,Un
"Req p Consumo,Req p Produção",649727,LIXA DE PANO P/ FERRO G-100,Un
"Req p Consumo,Req p Produção",649740,LIXA DE PANO P/ FERRO G-60,Un
"Req p Consumo,Req p Produção",649764,LIXA DE PANO P/ FERRO G-220,Un
"Req p Consumo,Req p Produção",649855,LIXA D'AGUA G-220,Un
"Req p Consumo,Req p Produção",649860,LIXA D'AGUA G-400,Un
Req p Produção,649910,"DISCO DE LIXA 4.1/2"" G-36",Un
Req p Produção,649911,DISCO DE LIXA HOOKIT G-80,Un
Req p Produção,649912,"DISCO DE LIXA HOOKIT 6"" P 400",Un
"Req p Consumo,Req p Produção",649913,DISCO DE LIXA HOOKIT G-220,Un
Req p Produção,649914,"DISCO DE LIXA 7"" G-120",Un
Req p Consumo,649915,IMÃ DE NEONÍDIO DISCO,Un
Req p Produção,649916,"DISCO DE LIXA 7"" G-60",Un
Req p Produção,650043,INS TPMR 16.03.08 - TT 3500,Un
Req p Produção,650080,INS TNMG 16.04.08 - TF IC 9250,Un
Req p Produção,650081,INS TNMG 16.04.08 RF IC 9250,Un
Req p Produção,650090,INS TNMG 160408 EL T9335,Un
Req p Produção,650091,INS TNMG 16.04.04 R-VF TT 8125,Un
Req p Produção,650093,PASTILHA TNMG 16.04.08ER SI T9325,Un
Req p Produção,650094,PASTILHA TNMG 16.04.04 ER - SI T9325,Un
Req p Produção,650095,PASTILHA TNMG 16.04.08E FM T9325,Un
Req p Produção,650175,INS WNMG 08.04.08 WT TT3500,Un
Req p Produção,650240,INS TNMG 16.04.04 R FS 3500,Un
Req p Produção,650308,INS TDC 2 - 8R TT8020,Un
Req p Produção,650309,INS TDC 2 TT7220 (SANGRAR),Un
Req p Produção,650310,INS TDC 2 - 8L TT7220,Un
Req p Produção,650505,INS XCMT 08.03.04 MF IC908,Un
Req p Produção,698749,KIT FERRAMENTAS 178 PEÇAS MASTER ROBUST,Un
Req p Consumo,699999,COMPRAS DE FERRAMENTAS MANUAIS,Un
Req p Consumo,700007,TECLADO PS2,Un
Req p Consumo,700009,LAPIS Nº2,Un
Req p Consumo,700010,BORRACHA P/ LAPIS,Un
Req p Consumo,700011,CAPA P/ CHUVA FORRADA,Un
Req p Consumo,700014,APONTADOR C/ 1FURO PLASTICO,Un
"Req p Consumo,Req p Produção",700015,PANO DE CHÃO ALVEJADO,Un
Req p Consumo,700016,LENTE P/ MASCARA INTERNA ORIGOTECH ESAB REF.,Un
"Req p Consumo,Req p Produção",700017,GRAMPEADOR GENMES 5777,Un
"Req p Consumo,Req p Produção",700025,MOUSE USB,Un
"Req p Consumo,Req p Produção",700032,LENTE P/MASCARA EXTERNA ORIGOTECH REF.0719290 ESAB,Un
"Req p Consumo,Req p Produção",700035,ESTILETE LARGO,Un
"Req p Consumo,Req p Produção",700038,BOTA 7 LEG CAPATAZ ALPARGATAS,Un
Req p Consumo,700039,CAPACETE PROTEÇÃO,Un
Req p Consumo,700041,LUVA ELETRIC PRETA 2500V,Un
Req p Produção,700043,VASELINA PASTOSA,KG
"Req p Consumo,Req p Produção",700058,PRANCHETA EUCATEX,Un
Req p Consumo,700074,PERFURADOR GENMES REF. 9780,Un
Req p Produção,700075,TINTA P/ CARIMBO AZUL,Un
Req p Consumo,700076,RELOGIO PAREDE TRADICIONAL,Un
"Req p Consumo,Req p Produção",700091,CANETA OFFICE PEN 2.0,Un
Req p Consumo,700098,TECLADO + MOUSE,Un
Req p Consumo,700123,TALABARTE P/ CINTO PARAQ. NYLON TRAVA DUPLA MGS CINTOS-1879D1,Un
Req p Consumo,700128,FONTE ATX 500W BIV 20+4P 12 50 ADVANCED,Un
"Req p Consumo,Req p Produção",700130,TOUCA ESPECIAL P/ SOLDADOR,Un
Req p Consumo,700137,PEN DRIVE 8GB,Un
Req p Consumo,700138,CALCULADORA 12 DIG. DE MESA,Un
Req p Consumo,700141,LUVA P/ ELETRICISTA ORION 20000V CLASSE 2,Un
"Req p Consumo,Req p Produção",700148,FITA FILAMENTOSA 25MM X 50MM,Un
Req p Consumo,700158,TALABARTE P/ CINTO ELETRICISTA MG CINTOS CORDA REG.COURO,Un
Req p Consumo,700159,CINTO PARAQUEDISTA FACINTOS PQ3PFRS ALC 1101234,Un
"Req p Consumo,Req p Produção",700163,TECLADO USB,Un
Req p Consumo,700167,TALABARTE P/CINTO FASCINTOS EM Y YCEAB SELAST55FR,Un
Req p Consumo,700171,SUPORTE P/ PAPEL TOALHA,Un
"Req p Consumo,Req p Produção",700172,RODO PLASTICO 50CM,Un
"Req p Consumo,Req p Produção",700178,ROUPA / MACACÃO DE PROTEÇÃO,Un
Req p Consumo,700186,PAPEL PH 0-14 CX.C/100 MACHEREY NAGEL,Un
Req p Consumo,700193,CAMISA SOCIAL MANGA CURTA,Un
Req p Consumo,700206,LIXEIRA SIMPLES 12LTS,Un
"Req p Consumo,Req p Produção",700207,SACO PARA LIXO COM 20LTS,Un
Req p Consumo,700208,SACO PARA LIXO COM 40LTS,Un
Req p Consumo,700214,PORTA PAPEL HIGIENICO P/ RL 400MT,Un
Req p Consumo,700215,DISPENSER POUPA COPO P/ AGUA,Un
Req p Produção,700225,"TESOURA ALFAIATE 12""",Un
Req p Consumo,700231,HEADPHONE,Un
Req p Consumo,700246,SWITCH 8P 10/100/1000+2SFP GERENC MESA,Un
Req p Consumo,700249,CINTO SEGURANÇA 04 PONTOS ARCORAGEM SEM TALABARTE,Un
Req p Consumo,700258,PÁ PARA LIXO CABO LONGO PLASTICO,Un
Req p Consumo,700262,QUADRO FLANELOGRAFO,Un
"Req p Consumo,Req p Produção",700263,RODO PLASTICO 40CM,Un
"Req p Consumo,Req p Produção",700271,CREME DE PROTEÇÃO PARA PELE,Un
Req p Consumo,700273,TRAVA QUEDA RETRATIL FITA 6 METROS MULT 2016B,Un
Req p Consumo,700274,RESPIRADOR FACIAL AIR SAFETY FULL FACE ABSOLUTE SDT CA 16774,Un
"Req p Consumo,Req p Produção",700275,CARTUCHO AIR SAFETY 514940 - 3820 A1B1P2 (VO + GA + POEIRA),Un
"Req p Consumo,Req p Produção",700276,SACO PARA LIXO COM 100LTS,Un
Req p Consumo,700295,QUADRO DE AVISO ACRILICO A4 CRISTAL 23 X 31 WALEU,Un
Req p Consumo,700296,"QUADRO BRANCO ALUM. 1,20 X 0,90",Un
Req p Consumo,700298,CHIP TIM PLANO 4G,Un
Req p Consumo,700299,JUGULAR SIMPLES,Un
Req p Consumo,700311,LIXEIRA C/ TAMPA BASCULANTE 30L,Un
Req p Consumo,700316,VEJA MULTI USO 500ML,Un
Req p Produção,700332,MOP PO REFIL 40X12,Un
Req p Consumo,700333,CAPACETE MOTOCICLISTA,Un
"Req p Consumo,Req p Produção",700334,CINTO ERGONOMICO (PROT LOMBAR),Un
"Req p Consumo,Req p Produção",700335,PASTA FLEXOLINE A-4,Un
Req p Consumo,700336,SUPORTE ALUMÍNIO PAREDE RET 05 FUROS,Un
Req p Consumo,700341,AVENTAL VINIL TRANSPARENTE MANGA LONGA,Un
Req p Consumo,700350,HD 2TB EXTERNO,Un
Req p Consumo,700351,BALDE GRADUADO PP CAP. 12000ML,Un
Req p Consumo,700354,CAIXA ORGANIZADORA TRANSPARENTE,Un
Req p Consumo,700356,ROTEADOR VPN GIGABIT OMADA BROADBAND SAFESTREAM MULTI-WAN (ER605) TP-LINK,Un
Req p Consumo,700362,DETECTOR DE 4 GASES PORTÁTIL INS-1395,Un
Req p Consumo,700363,BOMBA ELÉTRICA P/ LIBERAÇÃO DE ESPAÇO CONFINADO,Un
Req p Consumo,700364,VÁLVULA REGULADORA P/ CILINDROS DE CALIBRAÇÃO,Un
Req p Consumo,700365,CILINDRO DE 34 LITROS P/ CALIBRAÇÃO EM DETECTORES DE GASES,Un
"Req p Consumo,Req p Produção",700386,TESOURA 21CM,Un
Req p Consumo,700393,PELÍCULA P/ SMARTPHONE/TABLET,Un
Req p Consumo,700394,CAPA P/ SMARTPHONE/TABLET,Un
"Req p Consumo,Req p Produção",700400,BOBINA DE PAPEL 57 X 300 TERMICA 55G NEUTRA AMARELA,Un
Req p Consumo,700401,PANO MULT. USO COM 5 UNID.,Un
Req p Consumo,700402,CAIXA DE CORRESPONDENCIA CRISTAL,Un
Req p Produção,700405,FITA DEMARCAÇÃO ZEBRADA 70 X 200,Un
Req p Consumo,700408,CARREGADOR CEL. V8 2USB 4.8A CARG5184,Un
Req p Consumo,700409,CARREGADOR CEL. MOTOROLA TURBO,Un
Req p Consumo,700417,HD SSD INTERNO WD GREEN SATA III 480 GB WDS480G2G0A,Un
Req p Consumo,700419,DISPENSADOR P/ COPO DESC. DUPLO,Un
Req p Consumo,700424,CAIXA FUNDO LEGO KLT 6429 PRETO,Un
Req p Consumo,700434,HD SSD INTERNOSATA 2.5 240GB,Un
Req p Produção,700441,TOUCA DESC TNT C/ 100 UNIDS,Un
"Req p Consumo,Req p Produção",700443,ALFINETE MAPA REDONDO C/ 50 UND JOCAR,CX
Req p Consumo,700445,REGUA 30CM TRANSPARANTE,Un
"Req p Consumo,Req p Produção",700447,RADIO WALK TALK COMUNICADOR,Un
Req p Consumo,700452,REFIL TINTA 65ML T544 EPSON,Un
Req p Consumo,700455,ALCOOL ISOPROPÍLICO 1000ML,L
Req p Consumo,700456,ALCOOL GEL 70º 1000ML,L
Req p Consumo,700457,MEMORIA RAM DDR4 2666MHZ 8GB,Un
Req p Consumo,700459,GAVETA NR 7 P/ ESTANTE METÁLICA,Un
Req p Produção,700499,CAMISA PARA FARDAMENTO REVENDAS,Un
Req p Consumo,700788,SUPORTE PARA NOTEBOOK S/ COOLER,Un
Req p Consumo,700789,SUPORTE PARA NOTEBOOK C/ COOLER,Un
Req p Produção,700790,"SUPORTE UNIVERSAL P/ TV 23"" A 55""",Un
Req p Consumo,700791,CASE P/ NOTEBOOK S/ ALCA,Un
"Req p Consumo,Req p Produção",700792,APOIO ERGONÔMICO P/ PÉS,Un
Req p Consumo,701006,CALÇA RETARDANTE A CHAMA SANTISTA PARA ELETRICISTA,Un
Req p Consumo,701007,BATA MÉDIA CEDROPAC LEVE 2 GOLA PADRE M. CURTA CINZA,Un
Req p Consumo,701008,BATA MÉDIA CEDROPAC LEVE 2 GOLA PADRE M. CURTA LARANJA,Un
Req p Consumo,701009,CAMISA SOCIAL MASC M/C 1B BRD B CDMIX PRETO DET,Un
"Req p Consumo,Req p Produção",701010,PULVERIZADOR MULTIUSO 500ML,Un
Req p Consumo,701015,PEN DRIVE 16GB,Un
Req p Consumo,701016,CABO EXTENSOR USB,Un
Req p Consumo,701018,ESPONJA DUPLA FACE 60X1,Un
"Req p Consumo,Req p Produção",701039,BOTAS VAQUETA C/ BIQUEIRA AÇO/COMPOSITE,Un
Req p Consumo,701040,CALCA TERBRIM AZUL MARINHO -,Un
"Req p Consumo,Req p Produção",701042,PALMILHA EVA AIR C/ GEL,Un
Req p Consumo,701052,CAMISA RETARDANTE A CHAMA PARA ELETRICISTA,Un
Req p Consumo,701101,MOUSE PAD STANDARD,Un
"Req p Consumo,Req p Produção",701117,FILTRO MEC. P/RESP. P-1 (DE LÃ),Un
Req p Consumo,701118,EXTINTOR PÓ ABC 6KG,Un
Req p Consumo,701121,PLACA FOTOLUMINESCENTE EXTINTOR CO2 LE11,Un
Req p Consumo,701125,FITA ADESIVA PARA DEMARCAÇÃO DE SOLO 50 X 30M,Un
Req p Consumo,701128,PLACA FOTOLUMINESCENTE 900 X 600,Un
Req p Consumo,701129,PLACA FOTOLUMINESCENTE 1000 X 1000MM,Un
Req p Consumo,701130,RODA P/ EXTINTOR TIPO CARRETA,Un
"Req p Consumo,Req p Produção",701404,CALÇA CEDROPAC 2 C/ ELÁSTICO CINZA,Un
"Req p Consumo,Req p Produção",701452,CAMISA CEDROPAC LEVE 2 M. LONGA CINZA,Un
"Req p Consumo,Req p Produção",701453,CAMISA PROF. MANGA LONGA. C/ COLAR.,Un
"Req p Consumo,Req p Produção",701455,CAMISA EM MALHA PP GOLA CARECA M. CURTA CINZA CLARO,Un
Req p Consumo,701458,CAMISA EM MALHA PIQUÊ SUPREMO ANTI-PILLING GOLA POLO M. CURTA CINZA CLARO,Un
Req p Consumo,701459,CAMISA EM MALHA PP GOLA CARECA M. CURTA LARANJA,Un
Req p Consumo,701460,CAMISA CEDROPAC LEVE 2 M. CURTA CINZA,Un
Req p Consumo,701461,COLETE ESPORTIVO CEMAG,Un
"Req p Consumo,Req p Produção",701935,MARCADOR ESFEROGRÁFICO DE 2mm.,Un
"Req p Consumo,Req p Produção",702006,AVENTAL DE COURO SIMPLES,Un
"Req p Consumo,Req p Produção",702008,AVENTAL DE COURO C/ MANGAS,Un
"Req p Consumo,Req p Produção",702017,LUVA DE VAQUETA C.CURTO,Un
"Req p Consumo,Req p Produção",702018,LUVA CANO LONGO,Un
"Req p Consumo,Req p Produção",702019,LUVA CANO LONGO ACOCHOADA,Un
"Req p Consumo,Req p Produção",702020,LUVA CANO CURTO,Un
"Req p Consumo,Req p Produção",702025,LUVA TRICOTADA DE ALGODÃO,Un
"Req p Consumo,Req p Produção",702028,LUVA LATEX NITRILON,Un
"Req p Consumo,Req p Produção",702032,LUVA PVC C/LONGO FORRADA,Un
"Req p Consumo,Req p Produção",702043,MASC. C/ VIS. MOVEL-SOLDADOR,Un
"Req p Consumo,Req p Produção",702045,PRE-FILTRO PF-5 P/RESP. CG-303,Un
"Req p Consumo,Req p Produção",702052,VALVULA DE INALAÇÃO 3M,Un
Req p Consumo,702056,FILTRO PROTIN CQ-A VAP. ORGÂ.,Un
"Req p Consumo,Req p Produção",702057,RESP. DESC. PFF2,Un
"Req p Consumo,Req p Produção",702058,FILTRO P/POEIRA/NEVOA/GAS/VAPOR 2078,Un
"Req p Consumo,Req p Produção",702060,RESPIRADOR SEMI FACIAL 6000/6200 MED CA4115,Un
"Req p Consumo,Req p Produção",702061,CARTUCHO VAP ORG/GASES ACIDOS BR 6003 - 3M,Un
Req p Consumo,702062,RETENTOR 5N11,Un
"Req p Consumo,Req p Produção",702063,FILTRO P/ PARTICULAS 5N11 P 6000/7500,Un
"Req p Consumo,Req p Produção",702064,TIRANTE FIXO P/ RESP. 6000 CÓD. 6281,Un
"Req p Consumo,Req p Produção",702065,RESPIRADOR DESCARTÁVEL CARVÃO PFF1 CA448- 3M,Un
"Req p Consumo,Req p Produção",702067,"PROTETOR FACIAL 8"" INCOLOR",Un
Req p Consumo,702068,RESPIRADOR SEMI FACIAL 7500/7502 MED CA12011 3M,Un
Req p Consumo,702069,TIRANTE FIXO P/ RESP. 7500 CÓD. 7581 3M,Un
"Req p Consumo,Req p Produção",702075,OCULOS AMPLA VISÃO KALIPSO,Un
"Req p Consumo,Req p Produção",702077,OCULOS P/ TORNEIRO LENTE VERDE,Un
"Req p Consumo,Req p Produção",702078,OCULOS VISION 3000 INCOLOR,Un
"Req p Consumo,Req p Produção",702080,PERNEIRA P/SOLDADOR,Un
"Req p Consumo,Req p Produção",702081,CARNEIRA C/CATRACA P/MASCARA CC,Un
Req p Consumo,702085,CARNEIRA S/CATRACA P/MASCARA SOLDADOR,Un
Req p Consumo,702086,FILTRO P/POEIRA/NEVOA/GAS/VAPOR 2071,Un
Req p Consumo,702088,MÁSCARA CIRÚRGICA DESCARTÁVEL,Un
Req p Consumo,702089,CAIXA P/ MEDICAMENTOS PRIMEIROS SOCORROS REF 137,Un
"Req p Consumo,Req p Produção",702092,LENTE ESCURA N 10,Un
"Req p Consumo,Req p Produção",702093,LENTE ESCURA N 12,Un
Req p Consumo,702095,PROTETOR SOLAR FPS 30,L
Req p Produção,702097,PLASTIFICADORA LAMINADORA AURORA A4 220V LM4205H-1,Un
"Req p Consumo,Req p Produção",702098,"PLASTICO P/ PLASTIFICADORA A4 220 X 307 X 0,05 MM C/ 100 UN",Un
Req p Consumo,702100,LUVA TRICOTADA PRETA PU TAM G MULTITATO CA 29014,Un
"Req p Consumo,Req p Produção",702109,LENTE BRANCA RETANGULAR,Un
"Req p Consumo,Req p Produção",702110,MANGOTE P/SOLDADOR,Un
"Req p Consumo,Req p Produção",702111,MANGOTE DE TECIDO C/ ELASTICO NOS PUNHOS,Un
"Req p Consumo,Req p Produção",702122,PROTETOR AURICULAR,Un
Req p Consumo,702124,PROTETOR AURICULAR DESC ESPONJOSO,Un
"Req p Consumo,Req p Produção",702134,OCULOS SOBREPOR INCOLOR,Un
"Req p Consumo,Req p Produção",702146,PROTETOR AURICULAR TIPO CONCHA,Un
"Req p Consumo,Req p Produção",702147,KIT ALMOFADA E ESPUMA INTERNA P/ ABAFADOR MUPLER CÓD.350010230098,Un
Req p Consumo,702546,Luva Vaqueta Cobertura Luva Isolante Alta Tensão Eletricista,Un
Req p Consumo,702547,LUVA ISOLANTES DE ALTA TENSÃO 1000V,Un
Req p Consumo,702548,LUVA ISOLANTES DE ALTA TENSÃO 17.000V,Un
"Req p Consumo,Req p Produção",703040,"TRINCHA - TIGRE 572 - 1""",Un
"Req p Consumo,Req p Produção",703041,"TRINCHA - TIGRE 572 - 1.1/2""",Un
"Req p Consumo,Req p Produção",703059,"TRINCHA - TIGRE 572 - 3""",Un
"Req p Consumo,Req p Produção",703060,TRAPO P/LIMPEZA TIPO TRAPO (NÃO USAR),KG
"Req p Consumo,Req p Produção",703061,TRAPO COSTURADO,KG
Req p Consumo,703214,SSD SATA Kingston 960GB,Un
Req p Consumo,704010,AÇÚCAR P/ COPA,KG
Req p Consumo,704011,CAFÉ P/ COPA,Un
Req p Consumo,704012,ADOÇANTE LIQUIDO 100ML,Un
Req p Consumo,704563,SWITCH 5P 10/100/1000 TP-LINK,Un
Req p Consumo,704578,CAMISA NR10 CINZA (CA 31525),Un
Req p Consumo,705487,BALACLAVA ANTI CHAMAS 220GR/M2,Un
Req p Produção,705883,PENETRANTE PCG 53 ETAPA 1,Un
Req p Produção,705884,REMOVEDOR RCG S ETAPA 2,Un
Req p Produção,705901,REVELADOR DCG S2 ETAPA 3,Un
Req p Consumo,706578,CALÇA NR10 CINZA (CA 31524) VM,Un
"Req p Consumo,Req p Produção",708006,CX GIZ BRANCO C/ 64 UNIDS,Un
Req p Consumo,708011,PASTA SAFONADA DUPLICATA COM 31 DIVISORIAS POLIBRAS,Un
"Req p Consumo,Req p Produção",708021,PASTA SUSPENSA,Un
"Req p Consumo,Req p Produção",709041,BLOCO NOTEFIX 38 X 50 C/ 100FLS C/ 4UNDS,Un
Req p Consumo,710203,ADAPTADOR WIRELESS USB,Un
Req p Consumo,712000,CX CLIPS No. 4/0 C/ 50 UNIDS,Un
Req p Consumo,712001,CX CLIPS No. 6/0 50 UNIDS,Un
Req p Consumo,712020,CX CLIPS No. 3/0 C/ 50 UNIDS,Un
Req p Consumo,712021,CX CLIPS No. 5 C/ 100 UNIDS,Un
Req p Consumo,712024,CORRETIVO,Un
"Req p Consumo,Req p Produção",712048,CX GRAMPO 26/6 C/5000,Un
"Req p Consumo,Req p Produção",712049,EXTRATOR DE GRAMPOS,Un
Req p Consumo,712054,GUILHOTINA EM AÇO P/ CORTAR FOLHAS PAPEL,Un
Req p Consumo,712063,FITA ADESIVA 12MMX50M,Un
"Req p Consumo,Req p Produção",712073,CX LIGA ELASTICA N° 18 C/ 55 UNIDS,Un
Req p Consumo,712085,CAIXA P/ ARQUIVO MORTO,Un
Req p Consumo,712097,CX CLIPS No. 8/0 C/ 25 UNIDS,Un
"Req p Consumo,Req p Produção",712103,CX CLIPS No. 2/0 C/ 100 UNIDS,Un
"Req p Consumo,Req p Produção",712115,CX CLIPS No. 1/0 C/ 100 UNIDS,Un
"Req p Consumo,Req p Produção",712309,CANETA MARCA TEXTO,Un
"Req p Consumo,Req p Produção",712322,CANETA ESCRITA GROSSA,Un
"Req p Consumo,Req p Produção",712323,CANETA ESCRITA FINA,Un
Req p Consumo,712326,HUB USB 4 PORTAS 2.0,Un
Req p Consumo,712331,"ADESIVO VINIL 6,5 X 6,5CM",Un
Req p Consumo,712332,"ADESIVO VINIL 3,0 X 3,0 CM",Un
Req p Consumo,712334,"GRAFITE 0,5 C/ 12 MINAS",Un
Req p Consumo,712346,"GRAFITE 0,7 C/ 12 MINAS",Un
Req p Consumo,712360,CADERNO COMUM,Un
Req p Consumo,712878,SUPORTE P/ MONITOR PLÁSTICO COM 2 GAVETAS,Un
"Req p Consumo,Req p Produção",716030,PAPEL OFICIO A-4 C/ 500 FOLHAS,Un
Req p Consumo,716031,"PAPEL CARTA ETIQUETA 6180 C/ 100FL 25,4MM X 66,7MM",Un
"Req p Consumo,Req p Produção",716032,"PAPEL A4 ETIQUETA A4375 C/ 100FL 32,83MM X 104,5MM",Un
Req p Consumo,717010,PAPEL HIGIENICO,RL
"Req p Consumo,Req p Produção",717012,PAPEL HIGIÊNICO C/ 300M,Un
"Req p Consumo,Req p Produção",717017,PAPEL TOALHA BRANCO C/2400 F.,Un
"Req p Consumo,Req p Produção",717022,VASSOURA DE NYLON Nº 5,Un
"Req p Consumo,Req p Produção",717024,POLIDOR DE ALUMINIO LIMPA FACIL 500ml,Un
"Req p Consumo,Req p Produção",717034,SABÃO EM PÓ,KG
"Req p Consumo,Req p Produção",717060,VASSOURINHA DE PIACAVA,Un
"Req p Consumo,Req p Produção",717083,VASSOURÃO GARY PIAÇAVA,Un
Req p Consumo,717084,VASSOURÃO GARY NYLON,Un
"Req p Consumo,Req p Produção",717085,VASSOURA DE PELO 40CM,Un
"Req p Consumo,Req p Produção",717095,PINCEL ATOMICO,Un
"Req p Consumo,Req p Produção",717096,PINCEL PILOTO QUADRO BRANCO,Un
Req p Consumo,717097,CANETA BPS AZUL PILOTO,Un
Req p Consumo,717098,APAGADOR QUADRO BRANCO,Un
"Req p Consumo,Req p Produção",717101,COPO PLÁSTICO DE 200ML.,Un
"Req p Consumo,Req p Produção",717113,PAPEL HIGIENICO PERFUMADO,Un
Req p Consumo,720025,BANNERES PRODS. CEMAG,Un
"Req p Consumo,Req p Produção",745005,PASTA A-Z OFICIO,Un
Req p Produção,754122,SOLUÇÃO AK PH 7 250 ML,Un
Req p Produção,754124,SOLUÇÃO AK PH 4 250 ML,Un
Req p Produção,754125,SOLUÇÃO AK KCL 3M CLORETO DE POTASSIO 250 ML,Un
"Req p Consumo,Req p Produção",760002,ÁGUA SANITÁRIA,L
"Req p Consumo,Req p Produção",760006,DESINFETANTE PERFUMADO,L
Req p Consumo,760007,DESINFETANTE AGEX,L
"Req p Consumo,Req p Produção",760008,BOM AR TALCO 400ML,Un
"Req p Consumo,Req p Produção",760010,DETERGENTE LÍQUIDO PERFUMADO,L
Req p Consumo,760025,ÁCIDO MURIATICO PARA LIMPEZA,L
Req p Consumo,763658,CAIXA DE INCÊNDIO 90X60X17 CM SOBREPOR,Un
Req p Consumo,777010,ADESIVO TOTEM FTD5000,Un
Req p Consumo,777011,ADESIVO TOTEM FT10500,Un
Req p Consumo,777012,ADESIVO TOTEM FT12500,Un
Req p Consumo,777020,ADESIVO TOTEM CBH9 FO,Un
Req p Consumo,777021,ADESIVO TOTEM CBH12 FO,Un
Req p Consumo,777034,ADESIVO TOTEM CBHL6000,Un
Req p Consumo,777047,BLOCO DE ANOTAÇÕES CEMAG,Un
"Req p Consumo,Req p Produção",777048,BONÉ CEMAG,Un
Req p Consumo,781541,KIT CADEADO E ETIQUETA DE BLOQUEIO DE MÁQUINAS,Un
Req p Consumo,787475,CANETA PERSONALIZADA PRA BRINDE,Un
Req p Consumo,787879,FILTRO P/BEBEDOURO NEW FILTER FLOW C/CARVÃO ATIVADO,Un
Req p Consumo,795623,CRONOMETRO,Un
Req p Consumo,796532,RODO PARA PIA,Un
Req p Consumo,799999,COMPRA DE MAT. P/ ESCRITORIO,Un
Req p Produção,801010,OXIGENIO GASOSO,M3
Req p Produção,801033,GLP EM BUTIJÃO DE 45 KG.,Un
Req p Produção,801083,MISTURA STARGOLD FLEX,M3
Req p Produção,801084,DIOXIDO DE CARBONO 2.2 NA (25KG),KG
Req p Produção,801112,ARGONIO LIQUIDO,M3
Req p Produção,801124,GLP EM BUTIJÃO DE 20 KG.,Un
Req p Produção,802013,GRAXA LUBRIFICANTE,KG
Req p Produção,802050,OLEO SOLUVEL,L
Req p Produção,899999,MANUTENÇÃO DE VEICULOS,Un
Req p Consumo,ADESIVO C/ RECORTE DIVERSOS,ADESIVO C/ RECORTE DIVERSOS,Un
Req p Produção,CHAPA DE AÇO PINTADA COMO AMOSTRA,CHAPA DE AÇO PINTADA COMO AMOSTRA WEG,Un
Req p Produção,CONEXAO RAPIDA UNIAO PAINEL RETA 6MM,CONEXAO RAPIDA UNIAO PAINEL RETA 6MM,Un
Req p Consumo,CONEXAO REDUTOR RAPIDA PLUG 6 X 4MM,CONEXAO REDUTOR RAPIDA PLUG 6 X 4MM,Un
Req p Consumo,JG CHAVE ALLEN,JG CHAVE ALLEN (Chaves diversas),Un
Req p Consumo,MEMORIA 4GB DDR3,MEMORIA 4GB DDR3,Un
Req p Consumo,MOUSE LOGITECH M105,MOUSE LOGITECH M105 USB,Un
Req p Consumo,VENTILADOR 40CM,VENTILADOR 40CM,Un